{
  "version": 1,
  "author": "Anonymous maker",
  "editor": "wokwi",
  "parts": [
    { "type": "wokwi-breadboard", "id": "bb1", "top": -348.6, "left": -362, "attrs": {} },
    { "type": "wokwi-arduino-nano", "id": "nano", "top": -283.2, "left": -336.5, "attrs": {} },
    {
      "type": "wokwi-mpu6050",
      "id": "imu1",
      "top": -343.22,
      "left": -17.12,
      "rotate": 180,
      "attrs": {}
    },
    {
      "type": "wokwi-servo",
      "id": "servo1",
      "top": -42.2,
      "left": -459.8,
      "rotate": 90,
      "attrs": {}
    },
    {
      "type": "wokwi-servo",
      "id": "servo2",
      "top": -42.2,
      "left": -555.8,
      "rotate": 90,
      "attrs": {}
    }
  ],
  "connections": [
    [ "servo1:PWM", "nano:10", "orange", [ "v-240", "h86.2" ] ],
    [ "imu1:GND", "nano:GND.1", "white", [ "v172.8", "h-192.08" ] ],
    [ "nano:5V", "imu1:VCC", "black", [ "v96", "h201.6", "v-9.6" ] ],
    [ "imu1:SCL", "nano:A5", "gray", [ "v182.4", "h-249.68" ] ],
    [ "nano:A4", "imu1:SDA", "purple", [ "v124.8", "h268.8" ] ],
    [ "servo1:V+", "bb1:14b.h", "red", [ "v-67.2", "h153.5" ] ],
    [ "servo1:GND", "bb1:16b.h", "#8f4814", [ "v-115.2", "h172.8" ] ],
    [ "nano:12", "bb1:3t.c", "", [ "$bb" ] ],
    [ "nano:11", "bb1:4t.c", "", [ "$bb" ] ],
    [ "nano:10", "bb1:5t.c", "", [ "$bb" ] ],
    [ "nano:9", "bb1:6t.c", "", [ "$bb" ] ],
    [ "nano:8", "bb1:7t.c", "", [ "$bb" ] ],
    [ "nano:7", "bb1:8t.c", "", [ "$bb" ] ],
    [ "nano:6", "bb1:9t.c", "", [ "$bb" ] ],
    [ "nano:5", "bb1:10t.c", "", [ "$bb" ] ],
    [ "nano:4", "bb1:11t.c", "", [ "$bb" ] ],
    [ "nano:3", "bb1:12t.c", "", [ "$bb" ] ],
    [ "nano:2", "bb1:13t.c", "", [ "$bb" ] ],
    [ "nano:GND.2", "bb1:14t.c", "", [ "$bb" ] ],
    [ "nano:RESET.2", "bb1:15t.c", "", [ "$bb" ] ],
    [ "nano:0", "bb1:16t.c", "", [ "$bb" ] ],
    [ "nano:1", "bb1:17t.c", "", [ "$bb" ] ],
    [ "nano:13", "bb1:3b.g", "", [ "$bb" ] ],
    [ "nano:3.3V", "bb1:4b.g", "", [ "$bb" ] ],
    [ "nano:AREF", "bb1:5b.g", "", [ "$bb" ] ],
    [ "nano:A0", "bb1:6b.g", "", [ "$bb" ] ],
    [ "nano:A1", "bb1:7b.g", "", [ "$bb" ] ],
    [ "nano:A2", "bb1:8b.g", "", [ "$bb" ] ],
    [ "nano:A3", "bb1:9b.g", "", [ "$bb" ] ],
    [ "nano:A4", "bb1:10b.g", "", [ "$bb" ] ],
    [ "nano:A5", "bb1:11b.g", "", [ "$bb" ] ],
    [ "nano:A6", "bb1:12b.g", "", [ "$bb" ] ],
    [ "nano:A7", "bb1:13b.g", "", [ "$bb" ] ],
    [ "nano:5V", "bb1:14b.g", "", [ "$bb" ] ],
    [ "nano:RESET", "bb1:15b.g", "", [ "$bb" ] ],
    [ "nano:GND.1", "bb1:16b.g", "", [ "$bb" ] ],
    [ "nano:VIN", "bb1:17b.g", "", [ "$bb" ] ],
    [ "imu1:INT", "bb1:42t.b", "", [ "$bb" ] ],
    [ "imu1:AD0", "bb1:41t.b", "", [ "$bb" ] ],
    [ "imu1:XCL", "bb1:40t.b", "", [ "$bb" ] ],
    [ "imu1:XDA", "bb1:39t.b", "", [ "$bb" ] ],
    [ "imu1:SDA", "bb1:38t.b", "", [ "$bb" ] ],
    [ "imu1:SCL", "bb1:37t.b", "", [ "$bb" ] ],
    [ "imu1:GND", "bb1:36t.b", "", [ "$bb" ] ],
    [ "imu1:VCC", "bb1:35t.b", "", [ "$bb" ] ],
    [ "servo2:PWM", "nano:9", "blue", [ "v-249.6", "h191.8" ] ],
    [ "servo2:V+", "bb1:14b.i", "green", [ "v-48", "h259.1" ] ],
    [ "servo2:GND", "bb1:16b.i", "gold", [ "v-105.6", "h268.8" ] ]
  ],
  "dependencies": {}
}